{
	  "name": "foundryvtt-loot-generator",
	  "title": "FoundryVTT Loot Generator",
	  "description": "",
    "version": "1.0.0",
    "author": "4535992",
    "type": "module",
    "socket": true,
    "includes": [
      "./assets/**",
      "./lang/**",
      "./scripts/**",
      "./styles/**",
      "./templates/**",
      "./module.json",
      "./README.md",
      "./icons/**",
      "./packs/**"
    ],
    "media": [
      {
        "type": "icon",
        "location": ""
      },
      {
        "type": "cover",
        "location": ""
      },
      {
        "type": "screenshot",
        "location": ""
      }
    ],
    "languages": [
      {
          "lang": "en",
          "name": "English",
          "path": "lang/en.json"
      }
    ],
    "scripts": [

    ],
    "esmodules": [
        "foundryvtt-loot-generator.js"
    ],
    "styles": [
        "styles/dnd5e/main.css",
        "styles/pf2e/main.css"
    ],
	  "url": "https://github.com/p4535992/foundryvtt-loot-generator",
 	  "manifest": "https://raw.githubusercontent.com/p4535992/foundryvtt-loot-generator/master/src/module.json",
	  "download": "https://raw.githubusercontent.com/p4535992/foundryvtt-loot-generator/master/package/foundryvtt-loot-generator-v1.0.0.zip",
    "minimumCoreVersion": "0.7.9",
    "compatibleCoreVersion": "0.7.9",
    "changelog": "https://raw.githubusercontent.com/p4535992/foundryvtt-loot-generator/master/changelog.md",
    "bugs": "https://github.com/p4535992/foundryvtt-loot-generator/issues",
    "allowBugReporter": true,
    "dependencies": [
      {
        "name": "lib-wrapper"
      }
    ]

}
